"Simulation_ID","Scenario","Model_Name","RMSE","NRMSE","MAPE","R_Squared","CPU_Time_sec"
1,"Balanced (30:30:30)","aLadder",5.44095829348809,0.0563219683282888,6.25496126977233,0.9588374183414,10.01
1,"Balanced (30:30:30)","mLadder-Ordinal",8.50095384981911,0.0879974496519828,11.199080939849,0.899518264298223,8.31999999999994
1,"Balanced (30:30:30)","mLadder-Nominal",10.2214970207348,0.105807617043955,12.3447343635955,0.854728365081457,7.63999999999987
1,"Balanced (30:30:30)","SAL-GP",5.47062209543838,0.0566290325665757,6.42996740936649,0.958387362626398,9
1,"Front-Heavy (60:15:15)","aLadder",6.95260627642134,0.0719697614606466,12.750791765621,0.932787958989322,8.77999999999997
1,"Front-Heavy (60:15:15)","mLadder-Ordinal",6.86293266488267,0.0710415069075821,5.10017536335488,0.934510558437457,8.13999999999987
1,"Front-Heavy (60:15:15)","mLadder-Nominal",7.41369818180334,0.0767427448746963,6.5907938957913,0.923577434205032,7.63999999999987
1,"Front-Heavy (60:15:15)","SAL-GP",4.88777403613604,0.0505956928191419,3.93060836573343,0.96678195633915,6.77999999999997
1,"Back-Heavy (15:15:60)","aLadder",5.76994508882975,0.0597274684016554,9.80786424891546,0.95370914827504,11.29
1,"Back-Heavy (15:15:60)","mLadder-Ordinal",9.43067120364572,0.0976213997967861,11.7686847855475,0.876337785714715,8.1400000000001
1,"Back-Heavy (15:15:60)","mLadder-Nominal",7.25771361812658,0.0751280738588169,9.9914387569675,0.926759472053317,8.27999999999997
1,"Back-Heavy (15:15:60)","SAL-GP",6.41059023763806,0.0663590935372566,10.7778648010341,0.942858998606197,13.04
2,"Balanced (30:30:30)","aLadder",7.90269601647715,0.0843679558721029,12.667982943792,0.916103345851659,9.78999999999996
2,"Balanced (30:30:30)","mLadder-Ordinal",11.5177619992105,0.122961839107656,18.8100639902066,0.821790731352635,8.14000000000033
2,"Balanced (30:30:30)","mLadder-Nominal",11.8355258802214,0.126354236972255,18.9033726778344,0.811821844844396,7.59000000000015
2,"Balanced (30:30:30)","SAL-GP",7.54872781935901,0.0805890463490331,13.0561276815661,0.923450630016303,8.94999999999982
2,"Front-Heavy (60:15:15)","aLadder",12.9500617039504,0.138252848407921,21.1829546980854,0.774712153771824,8.88999999999987
2,"Front-Heavy (60:15:15)","mLadder-Ordinal",17.3086131312541,0.184784066832412,17.1525720431958,0.597543793085033,7.49000000000024
2,"Front-Heavy (60:15:15)","mLadder-Nominal",11.135570841378,0.118881625637279,11.8248003344206,0.833421457468732,7.48000000000002
2,"Front-Heavy (60:15:15)","SAL-GP",6.83147183320224,0.0729317327863066,6.40522781559422,0.937306480393914,6.76999999999998
2,"Back-Heavy (15:15:60)","aLadder",6.52186783579379,0.0696264485723218,8.99719394703528,0.942860284322479,11.23
2,"Back-Heavy (15:15:60)","mLadder-Ordinal",8.80873082725902,0.094040642860854,12.6685061937166,0.895763273012272,8.42000000000007
2,"Back-Heavy (15:15:60)","mLadder-Nominal",7.2391062911723,0.0772835749791811,11.4066735840202,0.929601404549714,8.20000000000027
2,"Back-Heavy (15:15:60)","SAL-GP",6.73135273644481,0.0718628768516263,9.61691985633417,0.939130632945089,12.9299999999998
3,"Balanced (30:30:30)","aLadder",7.06025973086596,0.0776434315001101,7.56341307880364,0.931274418180511,9.67000000000007
3,"Balanced (30:30:30)","mLadder-Ordinal",12.6803259548359,0.139448696960702,15.316135716928,0.778314185400472,7.88999999999987
3,"Balanced (30:30:30)","mLadder-Nominal",10.6959111338711,0.117625593832386,12.9532819814575,0.842270603719149,7.34000000000015
3,"Balanced (30:30:30)","SAL-GP",5.88850621154032,0.0647573667403347,7.67016065412377,0.952193456547803,8.88999999999987
3,"Front-Heavy (60:15:15)","aLadder",9.25806578496122,0.101813251070012,8.32252502057337,0.881827181479756,8.67000000000007
3,"Front-Heavy (60:15:15)","mLadder-Ordinal",11.8924200968144,0.130783900360035,10.2689065050209,0.805007658946322,7.26000000000022
3,"Front-Heavy (60:15:15)","mLadder-Nominal",11.3238250028566,0.124530918754273,10.8055100542427,0.823207691185723,7.27999999999975
3,"Front-Heavy (60:15:15)","SAL-GP",7.78100165911261,0.0855696096675262,7.15952137659838,0.916526603538586,6.6899999999996
3,"Back-Heavy (15:15:60)","aLadder",5.15703163463907,0.0567131589674377,7.82026114246166,0.963332891801174,11.1900000000001
3,"Back-Heavy (15:15:60)","mLadder-Ordinal",10.0819640130003,0.110873864711767,11.9780775572745,0.859858308553036,7.94000000000005
3,"Back-Heavy (15:15:60)","mLadder-Nominal",9.73224870415092,0.107027958518191,12.6721878706024,0.86941194111865,7.92000000000007
3,"Back-Heavy (15:15:60)","SAL-GP",5.25786107525787,0.0578220053929671,8.4304609278148,0.96188505628035,12.8899999999999
4,"Balanced (30:30:30)","aLadder",6.14537106857419,0.0676175488668747,9.66049018968034,0.945850216113018,9.8100000000004
4,"Balanced (30:30:30)","mLadder-Ordinal",9.09563261322883,0.100079291524838,13.9369002508827,0.881377704188594,8.13000000000011
4,"Balanced (30:30:30)","mLadder-Nominal",8.14849193462251,0.0896578978604309,12.6198549242914,0.904796046241036,7.5
4,"Balanced (30:30:30)","SAL-GP",5.75948984988835,0.0633716958711576,9.58090801945008,0.952437076708928,8.90999999999985
4,"Front-Heavy (60:15:15)","aLadder",6.10025712119744,0.0671211598763181,4.79534145380426,0.94664233870932,8.7800000000002
4,"Front-Heavy (60:15:15)","mLadder-Ordinal",6.20687644861973,0.0682942928737699,6.06384398067821,0.944760885780846,8.16000000000031
4,"Front-Heavy (60:15:15)","mLadder-Nominal",6.77527309835475,0.0745483640779914,6.66490267307252,0.934180570197523,8.46000000000004
4,"Front-Heavy (60:15:15)","SAL-GP",5.93133902126122,0.0652625531706393,5.84697540343413,0.949556408428903,6.75999999999976
4,"Back-Heavy (15:15:60)","aLadder",4.73529705577148,0.052102497391111,6.58211608459893,0.967848964748597,11.0799999999999
4,"Back-Heavy (15:15:60)","mLadder-Ordinal",6.08688068509118,0.0669739788823657,8.20031768603502,0.946876083879592,7.86000000000013
4,"Back-Heavy (15:15:60)","mLadder-Nominal",7.28081708700346,0.0801108671352299,9.15118030439369,0.923991747841847,8.05999999999995
4,"Back-Heavy (15:15:60)","SAL-GP",5.17796888823833,0.0569732177967319,7.06416197098182,0.96155681354692,13.1300000000001
5,"Balanced (30:30:30)","aLadder",6.1590007805151,0.0661284174590754,7.92708237272162,0.946284490915124,9.96000000000004
5,"Balanced (30:30:30)","mLadder-Ordinal",9.28297362470793,0.0996701213382429,11.9042466965477,0.877973709055586,7.97000000000025
5,"Balanced (30:30:30)","mLadder-Nominal",9.98027661246823,0.107156975896851,12.1034115907153,0.858952843748439,7.63000000000011
5,"Balanced (30:30:30)","SAL-GP",5.68341863109839,0.0610221516809953,7.7356366945321,0.954259756624206,9.32000000000016
5,"Front-Heavy (60:15:15)","aLadder",10.64854683202,0.114332109271375,18.432159121715,0.839431678194864,9.36999999999989
5,"Front-Heavy (60:15:15)","mLadder-Ordinal",11.2759199357021,0.121068135451812,10.6646658647747,0.819954137816221,7.94999999999982
5,"Front-Heavy (60:15:15)","mLadder-Nominal",10.0539459453819,0.107947954267281,8.36644937060971,0.85686288165548,8.07999999999993
5,"Front-Heavy (60:15:15)","SAL-GP",6.53949384176719,0.0702137236461377,5.20485688861366,0.939442568289383,6.88999999999987
5,"Back-Heavy (15:15:60)","aLadder",5.61786145152296,0.0603182724816098,7.3519259031833,0.955308881239927,11.4400000000001
5,"Back-Heavy (15:15:60)","mLadder-Ordinal",11.952544433716,0.12833296766441,12.9169961135544,0.797698123330047,8.30999999999995
5,"Back-Heavy (15:15:60)","mLadder-Nominal",11.5344945824553,0.123844418942297,13.2696193373897,0.811601987624867,8.05999999999995
5,"Back-Heavy (15:15:60)","SAL-GP",5.6520499951417,0.0606853505784158,8.09469676256304,0.95476327380181,13.0500000000002
6,"Balanced (30:30:30)","aLadder",4.81355808574594,0.0563210515169803,7.51731613169701,0.968458845654849,9.92999999999984
6,"Balanced (30:30:30)","mLadder-Ordinal",12.0055269217712,0.140470705495763,15.3456596255935,0.803796115312802,8.40000000000009
6,"Balanced (30:30:30)","mLadder-Nominal",10.0981471903751,0.118153402951412,13.0160856926773,0.861187510436816,7.97000000000025
6,"Balanced (30:30:30)","SAL-GP",4.94052298476957,0.0578066047172072,7.93746568302819,0.966773010203373,9
6,"Front-Heavy (60:15:15)","aLadder",6.44042695238104,0.0753562358062185,7.37231980075005,0.943535632517698,8.77999999999975
6,"Front-Heavy (60:15:15)","mLadder-Ordinal",8.63112320791488,0.100988484232043,7.46372639429543,0.898590233631815,7.67000000000007
6,"Front-Heavy (60:15:15)","mLadder-Nominal",8.22878766094908,0.0962809558997531,7.24843833722207,0.907824211495863,7.57999999999993
6,"Front-Heavy (60:15:15)","SAL-GP",5.06260128369122,0.0592349822375765,4.96750120914455,0.96511067239353,6.76000000000022
6,"Back-Heavy (15:15:60)","aLadder",6.25316479661626,0.0731651743639061,8.23991539347394,0.94677141779766,11.1600000000003
6,"Back-Heavy (15:15:60)","mLadder-Ordinal",13.987715547632,0.163663309745013,17.3273104905073,0.733658565907873,7.92000000000007
6,"Back-Heavy (15:15:60)","mLadder-Nominal",13.1403012814046,0.153748136458593,15.8436103482893,0.764952413790842,7.67999999999984
6,"Back-Heavy (15:15:60)","SAL-GP",6.72484907470997,0.0786841177428035,9.08549429718752,0.938438352504163,12.9699999999998
7,"Balanced (30:30:30)","aLadder",5.01046496457446,0.0559959106840678,7.06740062193822,0.964108391113995,9.9699999999998
7,"Balanced (30:30:30)","mLadder-Ordinal",7.04617849476233,0.0787466202131644,9.53372084415765,0.929018667425805,8.11000000000013
7,"Balanced (30:30:30)","mLadder-Nominal",7.71374759723183,0.0862072331705688,10.0648716063053,0.914931707545194,7.37000000000035
7,"Balanced (30:30:30)","SAL-GP",5.89535889033329,0.0658853005075678,8.08735490011912,0.950311330888483,8.91000000000031
7,"Front-Heavy (60:15:15)","aLadder",20.7305380275192,0.231680166217913,40.6194763644788,0.385590369376074,8.67999999999984
7,"Front-Heavy (60:15:15)","mLadder-Ordinal",9.36329031553961,0.104642178305798,9.48173817101511,0.874658800773622,7.34000000000015
7,"Front-Heavy (60:15:15)","mLadder-Nominal",10.4117232210946,0.116359245634435,10.7026615459302,0.845017701927019,7.5300000000002
7,"Front-Heavy (60:15:15)","SAL-GP",6.00756972412553,0.0671393453659273,5.934506282655,0.948401805286221,6.76000000000022
7,"Back-Heavy (15:15:60)","aLadder",6.01216716940703,0.0671907254548368,7.65357524287777,0.948322801410449,11.3000000000002
7,"Back-Heavy (15:15:60)","mLadder-Ordinal",10.8919523052591,0.121726185647965,14.4314546539602,0.830391220476909,8.09999999999991
7,"Back-Heavy (15:15:60)","mLadder-Nominal",8.98342941783235,0.100396932195751,11.3319988263173,0.884622483368289,7.94000000000005
7,"Back-Heavy (15:15:60)","SAL-GP",6.15611174637826,0.0687994200036512,8.32752110396006,0.945818645696573,13.0599999999999
8,"Balanced (30:30:30)","aLadder",5.58646817437067,0.0629964303015377,7.96458635122556,0.953898378769923,9.80999999999995
8,"Balanced (30:30:30)","mLadder-Ordinal",8.24263452412789,0.0929489858516498,10.4010247516824,0.899637001539937,8.2199999999998
8,"Balanced (30:30:30)","mLadder-Nominal",8.39201296213256,0.0946334684378902,10.611275952524,0.895966350863518,7.88999999999987
8,"Balanced (30:30:30)","SAL-GP",5.29154470768793,0.0596706929960961,7.97612135532847,0.958637528599663,8.75
8,"Front-Heavy (60:15:15)","aLadder",4.78811543097002,0.053993716711149,5.21733884863573,0.966133465075646,8.55999999999995
8,"Front-Heavy (60:15:15)","mLadder-Ordinal",8.36463571673153,0.0943247458822572,8.15127335702856,0.896644021165205,7.92000000000007
8,"Front-Heavy (60:15:15)","mLadder-Nominal",8.32195885990373,0.0938434955550872,8.08411049534985,0.897695987109674,7.88000000000011
8,"Front-Heavy (60:15:15)","SAL-GP",4.70186754622448,0.0530211328369664,4.53473123636666,0.967342546158758,6.76999999999998
8,"Back-Heavy (15:15:60)","aLadder",5.10777789388749,0.0575984260617876,7.22509326420896,0.961460546790403,11.0799999999999
8,"Back-Heavy (15:15:60)","mLadder-Ordinal",9.59550647579245,0.108204797027831,13.751716893402,0.86398796264832,7.94999999999982
8,"Back-Heavy (15:15:60)","mLadder-Nominal",7.26517560594707,0.0819265615417268,9.97045183513165,0.922028880031757,7.88999999999987
8,"Back-Heavy (15:15:60)","SAL-GP",5.10511789735954,0.0575684303148067,8.33412733075817,0.961500677007631,12.7200000000003
9,"Balanced (30:30:30)","aLadder",4.77063993114611,0.0520631275341316,5.20450120888942,0.967914931596031,9.63999999999987
9,"Balanced (30:30:30)","mLadder-Ordinal",11.359064898886,0.123964175254179,10.4830999696805,0.818099097733868,7.54999999999973
9,"Balanced (30:30:30)","mLadder-Nominal",8.26432517490121,0.0901905450368057,7.89746880481525,0.903713702859091,7.51999999999998
9,"Balanced (30:30:30)","SAL-GP",4.38419637526104,0.0478457771523866,5.03071259535891,0.972902471053277,8.73999999999978
9,"Front-Heavy (60:15:15)","aLadder",12.1806532610766,0.132930364339636,18.1999906019521,0.79083411486446,8.73999999999978
9,"Front-Heavy (60:15:15)","mLadder-Ordinal",10.4980692407395,0.114567924980969,9.54985075009428,0.844629502170561,7.34999999999991
9,"Front-Heavy (60:15:15)","mLadder-Nominal",10.5403045648385,0.11502884911206,10.8498805726538,0.843376829247767,7.38000000000011
9,"Front-Heavy (60:15:15)","SAL-GP",5.96332003892226,0.06507912904646,5.42501172482265,0.949866742240317,6.62999999999965
9,"Back-Heavy (15:15:60)","aLadder",5.06490341362797,0.0552744948639252,6.3679733364029,0.963834703720545,10.8899999999999
9,"Back-Heavy (15:15:60)","mLadder-Ordinal",8.55510844190344,0.0933639319478341,11.3598060903974,0.89681876319208,7.76000000000022
9,"Back-Heavy (15:15:60)","mLadder-Nominal",7.5287355853735,0.0821628809990463,9.54055894398931,0.92009135234135,7.69000000000005
9,"Back-Heavy (15:15:60)","SAL-GP",5.37230567540636,0.0586292488152266,7.45912798063316,0.959311552225279,12.6199999999999
10,"Balanced (30:30:30)","aLadder",4.80184637100545,0.0525456597626148,6.71207258697399,0.967513298342211,9.69000000000005
10,"Balanced (30:30:30)","mLadder-Ordinal",9.92987185226923,0.108660633331851,11.4638998112455,0.861076285988273,8.05999999999995
10,"Balanced (30:30:30)","mLadder-Nominal",10.829786837981,0.118508225903745,13.2018165327032,0.834754776566407,7.53999999999996
10,"Balanced (30:30:30)","SAL-GP",4.41211033995484,0.0482808550807172,6.95821824697443,0.972572777640489,8.72000000000025
10,"Front-Heavy (60:15:15)","aLadder",12.5830064643796,0.13769336321554,20.3435086688539,0.776921386245885,8.69999999999982
10,"Front-Heavy (60:15:15)","mLadder-Ordinal",10.3179983579629,0.112907825294546,10.8109864120856,0.850003886457588,7.89000000000033
10,"Front-Heavy (60:15:15)","mLadder-Nominal",9.52657222738831,0.104247404912187,9.41845356106267,0.872131836822774,7.19999999999982
10,"Front-Heavy (60:15:15)","SAL-GP",5.19684114122798,0.056868009792272,5.05997611858439,0.961948833038179,6.61999999999989
10,"Back-Heavy (15:15:60)","aLadder",4.88539616528881,0.0534599287176065,8.58422538849852,0.966372957561743,10.96
10,"Back-Heavy (15:15:60)","mLadder-Ordinal",14.5241991969998,0.158935453232793,23.8505274184965,0.702783106433038,7.96000000000004
10,"Back-Heavy (15:15:60)","mLadder-Nominal",13.6103245588587,0.148935102931834,23.5157350036581,0.739008681682755,7.82000000000016
10,"Back-Heavy (15:15:60)","SAL-GP",6.3261055989745,0.0692253284972305,11.3082122313977,0.943615209402782,12.6399999999999
