"Simulation_ID","Scenario","Model_Name","RMSE","NRMSE","MAPE","R_Squared","CPU_Time_sec","Nugget_Used"
1,"Train with 3 Stages","aLadder",10.308709524257,0.158347726611714,9.14882680521226,0.654845576728434,4.03999999999996,1e-06
1,"Train with 3 Stages","mLadder-Ordinal",25.7406273637795,0.395390889133386,21.058234734939,-1.15200409661184,3.17000000000007,1e-06
1,"Train with 3 Stages","mLadder-Nominal",16.2718533899976,0.249945057235566,13.9446813819648,0.140038747007229,3.10999999999967,1e-06
1,"Train with 3 Stages","SAL-GP",7.39376949516204,0.113572565789639,5.96528673640596,0.822443468443315,3.71999999999935,1e-06
1,"Train with 4 Stages","aLadder",17.2762520958614,0.265373200914563,18.05633749274,0.0305980165632298,8.21000000000004,1e-06
1,"Train with 4 Stages","mLadder-Ordinal",17.6845967586828,0.271645610558043,16.7134732600803,-0.0157694845509744,5.95000000000073,1e-06
1,"Train with 4 Stages","mLadder-Nominal",19.3930313606307,0.297888151842836,18.2208734172382,-0.221507782082879,5.90999999999985,1e-06
1,"Train with 4 Stages","SAL-GP",8.02046957350281,0.123199040610676,7.49594607486805,0.791068255788169,8.78000000000065,1e-06
1,"Train with 5 Stages","aLadder",25.8715887192467,0.397402531120524,26.8482846791421,-1.17395743172781,14.5799999999999,1e-06
1,"Train with 5 Stages","mLadder-Ordinal",17.8862926545168,0.274743775900377,16.9210497118415,-0.0390716683879335,10.0500000000002,1e-06
1,"Train with 5 Stages","mLadder-Nominal",23.251367220886,0.357154416988658,21.8620292385483,-0.755908289616252,9.89999999999964,1e-06
1,"Train with 5 Stages","SAL-GP",10.308650534016,0.158346820487575,9.48180328699503,0.654849526919152,17.71,1e-06
2,"Train with 3 Stages","aLadder",12.9571979585472,0.158204568709166,10.9857878132636,0.357684604236533,4,1e-06
2,"Train with 3 Stages","mLadder-Ordinal",14.8981493966307,0.181903163585143,13.8262981970773,0.150837525375259,3.15999999999985,1e-06
2,"Train with 3 Stages","mLadder-Nominal",13.7181872698321,0.167496082674552,12.809781969854,0.280021382839257,3.10000000000036,1e-06
2,"Train with 3 Stages","SAL-GP",9.82300871129325,0.119936799728479,9.05206375025691,0.630839519699053,3.67999999999938,1e-06
2,"Train with 4 Stages","aLadder",33.0766892137612,0.403859180675583,34.625826732649,-3.18572034794319,8.23000000000047,1e-06
2,"Train with 4 Stages","mLadder-Ordinal",16.7639067385791,0.204683654903035,15.2525297461998,-0.0751687082188608,5.9399999999996,1e-06
2,"Train with 4 Stages","mLadder-Nominal",15.4755484545521,0.188953080490308,14.4304212307884,0.0837410227542391,6,1e-06
2,"Train with 4 Stages","SAL-GP",12.0220997784099,0.14678722332611,11.4592805466206,0.447048805974738,8.75,1e-06
2,"Train with 5 Stages","aLadder",15.925387727107,0.194445520162116,16.4222142546299,0.0296996828490566,14.5799999999999,1e-06
2,"Train with 5 Stages","mLadder-Ordinal",20.0847687885672,0.245230658201263,18.4030852671385,-0.543333620713617,10.1600000000008,1e-06
2,"Train with 5 Stages","mLadder-Nominal",18.3824008702074,0.224445116205991,16.9332932600309,-0.292797814613174,10.1399999999994,1e-06
2,"Train with 5 Stages","SAL-GP",10.5328673836516,0.128604019714172,9.8561429823816,0.575556999261116,17.7399999999998,1e-06
3,"Train with 3 Stages","aLadder",13.6216229515527,0.21999974035264,12.1455113742957,0.391397258531178,4,1e-06
3,"Train with 3 Stages","mLadder-Ordinal",15.4938690633472,0.250237962327803,14.8986330467311,0.212599007777647,3.21999999999935,1e-06
3,"Train with 3 Stages","mLadder-Nominal",13.5899894628505,0.219488835057016,12.8605976231744,0.394220692022879,3.15999999999985,1e-06
3,"Train with 3 Stages","SAL-GP",5.9112241659609,0.0954708397305485,5.02997013956943,0.885387746210064,3.97999999999956,1e-06
3,"Train with 4 Stages","aLadder",7.75083248299407,0.125181936090892,7.15759356624124,0.802951607575973,8.45000000000073,1e-06
3,"Train with 4 Stages","mLadder-Ordinal",17.5443148595885,0.283354246957369,16.9758842729944,-0.00959925260183225,5.97999999999956,1e-06
3,"Train with 4 Stages","mLadder-Nominal",15.4654537531751,0.249779033103132,14.1434120620565,0.215484500932782,5.98999999999978,1e-06
3,"Train with 4 Stages","SAL-GP",8.17237232265114,0.131990130356927,7.6592166082681,0.780935258533175,8.63999999999942,1e-06
3,"Train with 5 Stages","aLadder",11.3782399910618,0.183767371377599,11.1414785708886,0.575354648630344,14.5099999999993,1e-06
3,"Train with 5 Stages","mLadder-Ordinal",18.5692644505576,0.299907975150384,17.2089912298168,-0.13100779240622,10,1e-06
3,"Train with 5 Stages","mLadder-Nominal",12.356382691741,0.19956513211012,11.0567227886278,0.499206255191103,9.76999999999953,1e-06
3,"Train with 5 Stages","SAL-GP",9.15320323391345,0.147831307768386,8.7981018225893,0.725196407791574,17.8400000000001,1e-06
4,"Train with 3 Stages","aLadder",10.9342291796193,0.136042629209098,10.2445509636355,0.625336611823383,4,1e-06
4,"Train with 3 Stages","mLadder-Ordinal",16.6835972790469,0.20757571486958,16.0335176956084,0.12774331331411,3.3100000000004,1e-06
4,"Train with 3 Stages","mLadder-Nominal",29.593473397533,0.36819915352918,25.4885443505512,-1.74445929846157,3.15999999999985,1e-06
4,"Train with 3 Stages","SAL-GP",8.48824422603687,0.105609919355944,7.65362319632055,0.774212110108442,3.63999999999942,1e-06
4,"Train with 4 Stages","aLadder",13.5272426546313,0.168304653803642,11.2801789381014,0.426565956345608,8.13999999999942,1e-06
4,"Train with 4 Stages","mLadder-Ordinal",20.5599470188046,0.255804886004348,19.0010318712359,-0.324673638655453,6,1e-06
4,"Train with 4 Stages","mLadder-Nominal",19.8173014249198,0.246564960857091,17.946604099952,-0.23070493398576,5.94999999999982,1e-06
4,"Train with 4 Stages","SAL-GP",9.96510399810121,0.1239848667861,8.61544929353089,0.68880788637134,8.75,1e-06
4,"Train with 5 Stages","aLadder",22.4968406766775,0.279903530855016,23.3014975268311,-0.58601750643732,14.5200000000004,1e-06
4,"Train with 5 Stages","mLadder-Ordinal",20.315171681095,0.252759414763483,19.1507204510114,-0.293319736644443,10.2800000000007,1e-06
4,"Train with 5 Stages","mLadder-Nominal",18.9732389641826,0.236063216793648,17.3551175752157,-0.128100689486899,9.81999999999971,1e-06
4,"Train with 5 Stages","SAL-GP",11.3265236781356,0.140923519679356,10.0582531506718,0.597970255511125,17.9699999999993,1e-06
5,"Train with 3 Stages","aLadder",11.8781251187945,0.149746064983679,10.6888750004673,0.462815817023869,3.97999999999956,1e-06
5,"Train with 3 Stages","mLadder-Ordinal",14.9224722548877,0.188125775545319,13.8112863874792,0.152169598189462,3.14999999999964,1e-06
5,"Train with 3 Stages","mLadder-Nominal",15.6452529810634,0.19723778341764,14.2416281657979,0.0680500155162012,3.13000000000011,1e-06
5,"Train with 3 Stages","SAL-GP",8.95886315088391,0.112943287779435,7.95197249746469,0.69441415690208,3.63999999999942,1e-06
5,"Train with 4 Stages","aLadder",35.0345581754986,0.441676373396808,36.573333840218,-3.67326829986955,8.13999999999942,1e-06
5,"Train with 4 Stages","mLadder-Ordinal",19.3995403146826,0.244567622883466,17.1918516617395,-0.432881593060981,6.48000000000047,1e-06
5,"Train with 4 Stages","mLadder-Nominal",23.985918527248,0.302387529896556,20.8472308949911,-1.19048424458423,6.35999999999967,1e-06
5,"Train with 4 Stages","SAL-GP",8.83100365789547,0.111331378849841,8.50566115364077,0.703074460159527,8.73999999999978,1e-06
5,"Train with 5 Stages","aLadder",32.3904125877257,0.408341954618339,33.8313826876867,-2.99448123744222,14.75,1e-06
5,"Train with 5 Stages","mLadder-Ordinal",38.0264047319445,0.479394215596825,31.2072590827111,-4.50551509825988,10.3099999999995,1e-06
5,"Train with 5 Stages","mLadder-Nominal",21.9508929145635,0.276732211856647,19.4925344043129,-0.834559524836624,10.3800000000001,1e-06
5,"Train with 5 Stages","SAL-GP",10.2563438301673,0.129300467399274,8.97037341024169,0.599490733661812,17.9399999999996,1e-06
6,"Train with 3 Stages","aLadder",12.5293879943276,0.208008439427668,11.4294197745181,0.522006478929615,4.03999999999996,1e-06
6,"Train with 3 Stages","mLadder-Ordinal",15.6437127088145,0.259711349739388,13.6908685171528,0.254853000244951,3.42000000000007,1e-06
6,"Train with 3 Stages","mLadder-Nominal",13.0975080462618,0.217440166297641,11.5042600178804,0.47767640873652,3.25,1e-06
6,"Train with 3 Stages","SAL-GP",10.2497086551094,0.170162014529584,9.1225108020602,0.680121290298286,3.68000000000029,1e-06
6,"Train with 4 Stages","aLadder",23.2533586096887,0.386043982199537,23.7599208531045,-0.646393611924627,8.38000000000011,1e-06
6,"Train with 4 Stages","mLadder-Ordinal",18.2435680163696,0.302873222091582,16.289537549756,-0.0134022264816183,6.17000000000007,1e-06
6,"Train with 4 Stages","mLadder-Nominal",17.0289949021065,0.282709311597066,15.3191542839957,0.117041432975093,6.02999999999975,1e-06
6,"Train with 4 Stages","SAL-GP",10.9264869790463,0.181397647352539,10.7713276490329,0.636484110524955,9.10999999999967,1e-06
6,"Train with 5 Stages","aLadder",18.1850828755081,0.301902272601804,15.0167313598204,-0.00691512156636565,14.8999999999996,1e-06
6,"Train with 5 Stages","mLadder-Ordinal",18.2670884623065,0.303263700162513,17.0344259978678,-0.0160169603188449,11.2199999999993,1e-06
6,"Train with 5 Stages","mLadder-Nominal",20.9573526329341,0.347926508276824,19.1300768333581,-0.33731937212719,10.1800000000003,1e-06
6,"Train with 5 Stages","SAL-GP",9.44522434485921,0.156806252381031,8.30031841314887,0.728364298449161,18.3000000000002,1e-06
7,"Train with 3 Stages","aLadder",9.56440040497928,0.143489009233507,8.91546461867371,0.568120013901551,4.10999999999967,1e-06
7,"Train with 3 Stages","mLadder-Ordinal",14.9360732238431,0.224077020825332,13.9955660358258,-0.0532232763980687,3.31999999999971,1e-06
7,"Train with 3 Stages","mLadder-Nominal",11.9877578345975,0.179845199048976,11.43960364221,0.321541164379413,3.15999999999985,1e-06
7,"Train with 3 Stages","SAL-GP",8.52316351330653,0.127867951599228,7.92443964995975,0.657035458881009,3.70000000000073,1e-06
7,"Train with 4 Stages","aLadder",10.4338761802816,0.156533237022811,10.0564228640853,0.48602861858714,8.35000000000036,1e-06
7,"Train with 4 Stages","mLadder-Ordinal",16.7822499154777,0.251774111404552,13.129257472691,-0.32968248679382,6.09999999999945,1e-06
7,"Train with 4 Stages","mLadder-Nominal",15.8077703609438,0.237154574384168,13.0089517789445,-0.179746824379561,6,1e-06
7,"Train with 4 Stages","SAL-GP",9.96095278733686,0.149438248709518,9.03718566728278,0.531564992522546,8.92000000000007,1e-06
7,"Train with 5 Stages","aLadder",21.3622806527832,0.32048558780958,21.2276202522159,-1.1544817181752,14.8999999999996,1e-06
7,"Train with 5 Stages","mLadder-Ordinal",42.1514277148597,0.632372793325783,34.6529846271665,-7.38826532298659,10.6400000000003,1e-06
7,"Train with 5 Stages","mLadder-Nominal",32.0247830753095,0.48044876833072,31.0247797633473,-3.84194635754865,9.96000000000004,1e-06
7,"Train with 5 Stages","SAL-GP",10.1919372570224,0.152903571291188,9.28227985954012,0.509588028527054,17.1300000000001,1e-06
8,"Train with 3 Stages","aLadder",8.19684110372246,0.116798201538978,7.58139881572679,0.780796245945924,4,1e-06
8,"Train with 3 Stages","mLadder-Ordinal",15.818044140024,0.225394037049218,15.2062130583351,0.183679841867533,3.14000000000033,1e-06
8,"Train with 3 Stages","mLadder-Nominal",14.5210562457455,0.206913033019414,13.7225984450845,0.312058720043561,3.11000000000058,1e-06
8,"Train with 3 Stages","SAL-GP",5.76074368246724,0.0820858295439739,5.03492063570185,0.891729022101247,3.60999999999967,1e-06
8,"Train with 4 Stages","aLadder",12.4790125234978,0.177815600093189,10.8402649474779,0.491939541305095,8.21000000000004,1e-06
8,"Train with 4 Stages","mLadder-Ordinal",17.4973097495322,0.249322182125464,15.6311641975712,0.00115634537740672,6.02999999999975,1e-06
8,"Train with 4 Stages","mLadder-Nominal",19.09116279864,0.272033268908478,18.2295448189716,-0.189103663167391,5.89000000000033,1e-06
8,"Train with 4 Stages","SAL-GP",10.4461142198295,0.148848481812431,9.74229692284491,0.643988116103106,8.61000000000058,1e-06
8,"Train with 5 Stages","aLadder",10.9257252133272,0.155682541515434,9.47574521049332,0.610546597808308,14.4499999999998,1e-06
8,"Train with 5 Stages","mLadder-Ordinal",14.7439438829073,0.210088997374017,14.4815740416937,0.290777845791637,10.9399999999996,1e-06
8,"Train with 5 Stages","mLadder-Nominal",13.6786220746532,0.194909043329547,13.1670878795748,0.389564677149201,10.0900000000001,1e-06
8,"Train with 5 Stages","SAL-GP",6.37891337789218,0.0908942360700858,5.90207228995518,0.867245771156909,17.1500000000005,1e-06
9,"Train with 3 Stages","aLadder",11.1057739577955,0.195895874800804,10.9548668446577,0.468583240020928,3.9399999999996,1e-06
9,"Train with 3 Stages","mLadder-Ordinal",14.6477454019862,0.258373068845634,13.167963958952,0.075559097071625,3.3100000000004,1e-06
9,"Train with 3 Stages","mLadder-Nominal",15.096832000943,0.266294552976167,13.6185684267938,0.0180051005373216,3.32999999999993,1e-06
9,"Train with 3 Stages","SAL-GP",9.57223959652733,0.168845706448796,8.84844573185045,0.605211304115052,3.57999999999993,1e-06
9,"Train with 4 Stages","aLadder",12.4681091878347,0.219926244289206,12.1891105213178,0.330209811505991,8.05999999999949,1e-06
9,"Train with 4 Stages","mLadder-Ordinal",18.1733930966936,0.320562326615404,16.6898511374888,-0.423015494384114,5.9399999999996,1e-06
9,"Train with 4 Stages","mLadder-Nominal",17.9514454020554,0.316647368687536,15.665168723368,-0.388469783010009,5.98000000000047,1e-06
9,"Train with 4 Stages","SAL-GP",9.32512155148763,0.164486766153767,8.3513072181458,0.625332009879192,8.59000000000015,1e-06
9,"Train with 5 Stages","aLadder",14.2671160984407,0.251659109901735,13.2223282266051,0.122979028797903,14.3499999999995,1e-06
9,"Train with 5 Stages","mLadder-Ordinal",19.0052740429522,0.335235959116546,16.4881967325733,-0.556273276561793,10.1300000000001,1e-06
9,"Train with 5 Stages","mLadder-Nominal",16.2723375357825,0.287029414495561,15.1690307614294,-0.140873456694043,10.1300000000001,1e-06
9,"Train with 5 Stages","SAL-GP",8.93036746945147,0.157523658807486,8.65786950593763,0.656381729897259,17.6300000000001,1e-06
10,"Train with 3 Stages","aLadder",13.7693384767759,0.153927782863079,12.9114312333924,0.30867132231206,4.01000000000022,1e-06
10,"Train with 3 Stages","mLadder-Ordinal",16.5313902106896,0.184804829009599,13.799272138795,0.00350029303929955,3.14000000000033,1e-06
10,"Train with 3 Stages","mLadder-Nominal",14.6269422280111,0.163514956874769,12.9896541555551,0.219872633402595,3.14000000000033,1e-06
10,"Train with 3 Stages","SAL-GP",9.84169500969361,0.110020557270191,9.06322292801614,0.646818273273797,3.60999999999967,1e-06
10,"Train with 4 Stages","aLadder",16.978132340418,0.189798970569603,17.5484332739154,-0.0510859960864944,8.21999999999935,1e-06
10,"Train with 4 Stages","mLadder-Ordinal",17.5547962127531,0.196245510574084,16.1950691946512,-0.123699028696481,5.93000000000029,1e-06
10,"Train with 4 Stages","mLadder-Nominal",19.102364004923,0.213545810038783,16.5800065578285,-0.330554456594454,5.94999999999982,1e-06
10,"Train with 4 Stages","SAL-GP",10.1774354578825,0.113773808226607,8.92453233484319,0.62231030571837,8.63999999999942,1e-06
10,"Train with 5 Stages","aLadder",28.3828387018389,0.317292471247134,30.846161681469,-1.93744726911194,14.4700000000003,1e-06
10,"Train with 5 Stages","mLadder-Ordinal",16.69640342574,0.186649515911491,14.5628006654903,-0.0164927385195297,10.3599999999997,1e-06
10,"Train with 5 Stages","mLadder-Nominal",16.1160892515034,0.180162169089788,14.3604290234374,0.0529394449820112,10.1599999999999,1e-06
10,"Train with 5 Stages","SAL-GP",8.88050964865273,0.0992754418243756,7.96891799884336,0.712436207989623,17.3600000000006,1e-06
